{
    "rmse": 52673130.22851518,
    "mae": 5619.386891917272,
    "r2-score": 0.6607178109347094
}